Juan Mendoza,CEO,100000,
Simon Van Gend,Sales,50000,Juan Mendoza
Kaya Begam,Sales,31000,Simon Van Gend
Lucinda Jordaan,Sales,25000,Simon Van Gend
Sarah Murdock,Sales,35000,Simon Van Gend
Dorian Gruber,Sales,37000,Simon Van Gend
Kris Snyman,Sales,31000,Simon Van Gend
Mandy Raubenheimer,Sales,22000,Simon Van Gend
Tim Palmer,Sales,31000,Simon Van Gend
Roy Potterill,Sales,25000,Simon Van Gend
Chris Wills,Sales,35000,Simon Van Gend
Tasneen Fataar,Sales,37000,Simon Van Gend
Stephanie Summer,Sales,31000,Simon Van Gend
Seth Stromboli,Sales,22000,Simon Van Gend
Charlotte Jenkins,Sales,31000,Simon Van Gend
Jay Taylor,Sales,25000,Simon Van Gend
Guy Daniel,Sales,35000,Simon Van Gend
Rosie Smithells,Sales,37000,Simon Van Gend
Daniel Richardson,Sales,31000,Simon Van Gend
Poppy Dinsey,Sales,22000,Simon Van Gend
Jennifer Zenquis,Sales,31000,Simon Van Gend
Marco Jim Morrison Pouyat,Sales,25000,Simon Van Gend
Adriaan Cornelius Brand,Sales,35000,Simon Van Gend
Barend Dewet,Sales,37000,Simon Van Gend
Yolanda Van Wyk,Sales,31000,Simon Van Gend
Rosie Motene,Sales,22000,Simon Van Gend
Hannah Paton,Marketing,55000,Juan Mendoza
James Happe,Marketing,31000,Hannah Paton
David Langer,Marketing,25000,Hannah Paton
Loyiso Gola,Marketing,35000,Hannah Paton
James Harris,Marketing,37000,Hannah Paton
Jonty Smith,Marketing,31000,Hannah Paton
Manuela Dias De Deus,Marketing,22000,Hannah Paton
Joshua Chang,Marketing,31000,Hannah Paton
Tamsin Mac Carthy,Marketing,25000,Hannah Paton
Fran Cowan,Marketing,35000,Hannah Paton
Nick Davey,Marketing,37000,Hannah Paton
Becki Sticky-Mop Percy,Marketing,31000,Hannah Paton
Teresa Valente,Marketing,22000,Hannah Paton
Ben Anderson,Marketing,31000,Hannah Paton
Prashant Agarwal,Marketing,25000,Hannah Paton
Jana Hlistova,Marketing,35000,Hannah Paton
Lee Schubert,Marketing,37000,Hannah Paton
Martin Eriksson,Marketing,31000,Hannah Paton
Diana Naguib,Marketing,22000,Hannah Paton
Melissa Demyan,Marketing,31000,Hannah Paton
Ed Lynam,Marketing,25000,Hannah Paton
Lauren Herman,Marketing,35000,Hannah Paton
Michael James Taylor,Marketing,37000,Hannah Paton
Rafram Chaddad,Marketing,31000,Hannah Paton
Simone Udwin,Accounts,53000,Juan Mendoza
Tom Diaper,Accounts,35000,Simone Udwin
Alexis Sitaropoulos,Accounts,37000,Simone Udwin
Andrew P Minnis,Accounts,31000,Simone Udwin
Andrew Prophet,Accounts,22000,Simone Udwin
Anna Hall,Accounts,55000,Simone Udwin
Bela Shehu,Accounts,31000,Simone Udwin
Belinda Clark,Accounts,25000,Simone Udwin
David Brophy,Accounts,35000,Simone Udwin
G. Andrew Meschter,Accounts,37000,Simone Udwin
Holly Stanton,Accounts,31000,Simone Udwin
Jerome Reynard,Accounts,22000,Simone Udwin
Kevin-KenKempis,Accounts,31000,Simone Udwin
Luke Morris,Accounts,25000,Simone Udwin
Nick Bowden,Accounts,35000,Simone Udwin
Paul Goldin,Accounts,37000,Simone Udwin
Sandra Kriek,Accounts,31000,Simone Udwin
Steve Kennedy,Accounts,22000,Simone Udwin
Tamir Strauss,Accounts,31000,Simone Udwin
Amr Ahmed Elafany,Accounts,25000,Simone Udwin
Anna Kingsley,Accounts,35000,Simone Udwin
Eliot Nash,Accounts,37000,Simone Udwin
Hazel-Jasmine Dea La Vega,Accounts,31000,Simone Udwin
Jay Bregman,Accounts,22000,Simone Udwin
Katy Holmes,Accounts,31000,Simone Udwin
Lainey Gallagher,Accounts,31000,Simone Udwin
Robert Kenderdine,Accounts,22000,Simone Udwin
Thomas Whitehead-Clarke,Accounts,31000,Simone Udwin
Will Lear,Accounts,43200,Simone Udwin
